patient_id,chromosome,position,reference,alternative
1,11,5143473,GC,CGG
2,20,5143474,GTA,CCT
5,5,5143475,CA,CG
1,20,5143476,C,TTG
1,19,5143477,TA,TA
5,10,5143478,TGG,C
6,6,5143479,G,T
6,13,5143480,GG,CC
5,17,5143481,TA,CT
1,5,5143482,GTC,G
1,18,5143483,CA,CAG
5,11,5143484,ATA,TGA
4,11,5143485,A,AT
1,3,5143486,ACA,GGG
2,7,5143487,AG,T
3,8,5143488,CA,A
6,10,5143489,CT,ATA
1,14,5143490,CC,TC
5,19,5143491,ATA,GG
2,15,5143492,TCA,A
1,14,5143493,TC,CA
2,5,5143494,GC,ACG
4,19,5143495,T,GTC
3,4,5143496,C,CT
3,14,5143497,A,A
2,7,5143498,GGA,GC
2,7,5143499,G,GTC
5,4,5143500,GC,CGG
2,7,5143501,A,TA
2,11,5143502,GT,TC
1,15,5143503,C,TT
5,16,5143504,AT,CCT
5,19,5143505,C,AGT
6,9,5143506,G,TGG
1,1,5143507,GA,AC
3,14,5143508,GGC,A
5,2,5143509,G,GG
2,12,5143510,GC,C
4,18,5143511,G,CC
5,17,5143512,G,CGG
2,7,5143513,TGC,GCA
6,9,5143514,GTG,GCC
4,17,5143515,TA,TT
3,1,5143516,GC,GTC
3,6,5143517,AC,T
5,3,5143518,CTT,CG
2,8,5143519,C,T
2,7,5143520,CTA,TC
1,10,5143521,TTT,T
2,3,5143522,TCC,GCT
1,1,5143523,GT,TG
5,15,5143524,TG,CA
4,10,5143525,A,TG
1,19,5143526,T,CA
5,12,5143527,TAG,GCT
1,11,5143528,A,AGT
2,12,5143529,GC,A
6,17,5143530,C,AG
3,16,5143531,TAC,TTT
3,20,5143532,GC,CT
5,1,5143533,GT,TA
4,13,5143534,TAA,AAC
3,2,5143535,TTG,G
1,5,5143536,GC,TTT
6,20,5143537,AAA,A
1,8,5143538,TT,CC
5,5,5143539,TT,G
6,9,5143540,GGT,G
2,5,5143541,T,GG
2,14,5143542,TAA,GT
1,6,5143543,G,C
2,9,5143544,AA,CCG
2,5,5143545,GA,TC
5,11,5143546,TA,CAT
6,18,5143547,TCG,TC
1,13,5143548,TTA,TCA
6,11,5143549,GG,CAC
4,4,5143550,TCG,A
1,15,5143551,C,TA
2,6,5143552,T,CT
6,20,5143553,GGG,AG
4,16,5143554,AG,TC
3,11,5143555,CG,T
2,4,5143556,GGT,A
6,7,5143557,AC,GC
6,6,5143558,AG,C
4,9,5143559,GT,GAT
5,2,5143560,TTA,TCA
2,12,5143561,C,A
4,5,5143562,A,GCC
1,5,5143563,CC,GC
3,6,5143564,TA,TC
5,6,5143565,TC,TTA
1,11,5143566,TGC,ATT
2,12,5143567,CG,G
6,12,5143568,A,TCA
6,2,5143569,A,AA
4,5,5143570,GA,CC
4,3,5143571,CCT,TAC
2,6,5143572,CA,A
5,13,5143573,TGA,G
3,18,5143574,GG,CC
3,18,5143575,GGG,A
1,7,5143576,G,GG
1,20,5143577,TA,TC
6,7,5143578,GG,GG
3,15,5143579,AT,TA
4,12,5143580,T,GT
6,12,5143581,AAT,C
3,10,5143582,GT,CT
4,15,5143583,T,A
3,14,5143584,TAG,AAG
6,11,5143585,GGC,CG
5,12,5143586,AGC,GCG
1,4,5143587,AGA,T
2,13,5143588,AG,AT
5,2,5143589,TAT,C
3,15,5143590,A,CCT
6,14,5143591,T,C
6,13,5143592,CG,TC
6,7,5143593,ACA,GGC
6,15,5143594,AAA,G
1,15,5143595,ATC,AAC
6,19,5143596,GG,A
1,9,5143597,CGC,TG
2,5,5143598,C,CG
2,3,5143599,C,ACT
5,8,5143600,A,CC
6,16,5143601,GCT,TGC
2,8,5143602,CC,G
3,20,5143603,TG,GCT
5,3,5143604,G,TTA
3,17,5143605,AT,A
2,10,5143606,ACG,CC
1,16,5143607,C,T
6,2,5143608,CA,GG
2,17,5143609,G,C
3,19,5143610,GA,G
3,17,5143611,ACG,A
2,4,5143612,TGC,G
4,14,5143613,GAT,AG
6,20,5143614,C,GTA
4,8,5143615,TT,C
4,10,5143616,ATT,G
1,3,5143617,A,ACG
5,12,5143618,GC,G
6,19,5143619,TC,GC
3,18,5143620,AT,ACG
1,18,5143621,G,CC
4,10,5143622,TA,TA
2,19,5143623,CTC,C
1,8,5143624,GT,T
5,4,5143625,GTA,AAA
6,9,5143626,TT,GAC
4,9,5143627,GGG,TAT
6,3,5143628,GAT,AT
1,16,5143629,A,C
6,12,5143630,TC,TT
3,5,5143631,C,T
2,19,5143632,TC,C
6,5,5143633,AAG,TC
2,2,5143634,AT,TAA
5,16,5143635,TCT,C
5,10,5143636,CC,TC
4,1,5143637,C,CC
4,17,5143638,C,GG
4,20,5143639,AG,CA
5,20,5143640,CTG,CT
1,6,5143641,G,G
6,10,5143642,AAG,G
1,13,5143643,GTA,C
6,19,5143644,TG,GT
3,13,5143645,TCG,GAA
4,2,5143646,AG,ACC
4,10,5143647,AGT,ACC
5,9,5143648,CA,TA
4,12,5143649,A,TGC
5,18,5143650,CG,AT
6,20,5143651,CT,CA
5,15,5143652,TGG,AG
6,4,5143653,TAA,CT
5,5,5143654,CTC,A
2,13,5143655,CGG,GGG
4,20,5143656,C,GA
2,7,5143657,GTT,T
3,19,5143658,TCG,CAC
4,20,5143659,GT,GG
2,16,5143660,ACA,C
4,16,5143661,T,AA
3,1,5143662,T,TAT
4,7,5143663,GTC,C
2,6,5143664,TAG,T
6,2,5143665,TGG,GAA
3,19,5143666,ATC,CCA
2,7,5143667,AAC,CC
1,9,5143668,CAC,T
5,14,5143669,G,C
1,18,5143670,ATG,TG
6,14,5143671,GGG,TCG
1,11,5143672,A,GG
